
-- Seed: auth users
INSERT INTO auth.users (id, instance_id, aud, role, email, encrypted_password, email_confirmed_at, raw_user_meta_data, created_at, updated_at, confirmation_token, recovery_token)
VALUES
  ('a0000000-0000-0000-0000-000000000001', '00000000-0000-0000-0000-000000000000', 'authenticated', 'authenticated', 'tiger@test.com',   crypt('password123', gen_salt('bf')), now(), '{"full_name":"Tiger Woods"}'::jsonb,    now(), now(), '', ''),
  ('a0000000-0000-0000-0000-000000000002', '00000000-0000-0000-0000-000000000000', 'authenticated', 'authenticated', 'rory@test.com',    crypt('password123', gen_salt('bf')), now(), '{"full_name":"Rory McIlroy"}'::jsonb,   now(), now(), '', ''),
  ('a0000000-0000-0000-0000-000000000003', '00000000-0000-0000-0000-000000000000', 'authenticated', 'authenticated', 'jordan@test.com',  crypt('password123', gen_salt('bf')), now(), '{"full_name":"Jordan Spieth"}'::jsonb,  now(), now(), '', ''),
  ('a0000000-0000-0000-0000-000000000004', '00000000-0000-0000-0000-000000000000', 'authenticated', 'authenticated', 'phil@test.com',    crypt('password123', gen_salt('bf')), now(), '{"full_name":"Phil Mickelson"}'::jsonb, now(), now(), '', ''),
  ('a0000000-0000-0000-0000-000000000005', '00000000-0000-0000-0000-000000000000', 'authenticated', 'authenticated', 'bubba@test.com',   crypt('password123', gen_salt('bf')), now(), '{"full_name":"Bubba Watson"}'::jsonb,   now(), now(), '', ''),
  ('a0000000-0000-0000-0000-000000000006', '00000000-0000-0000-0000-000000000000', 'authenticated', 'authenticated', 'rickie@test.com',  crypt('password123', gen_salt('bf')), now(), '{"full_name":"Rickie Fowler"}'::jsonb,  now(), now(), '', ''),
  ('a0000000-0000-0000-0000-000000000007', '00000000-0000-0000-0000-000000000000', 'authenticated', 'authenticated', 'dustin@test.com',  crypt('password123', gen_salt('bf')), now(), '{"full_name":"Dustin Johnson"}'::jsonb, now(), now(), '', ''),
  ('a0000000-0000-0000-0000-000000000008', '00000000-0000-0000-0000-000000000000', 'authenticated', 'authenticated', 'brooks@test.com',  crypt('password123', gen_salt('bf')), now(), '{"full_name":"Brooks Koepka"}'::jsonb,  now(), now(), '', ''),
  ('a0000000-0000-0000-0000-000000000009', '00000000-0000-0000-0000-000000000000', 'authenticated', 'authenticated', 'jt@test.com',      crypt('password123', gen_salt('bf')), now(), '{"full_name":"Justin Thomas"}'::jsonb,  now(), now(), '', ''),
  ('a0000000-0000-0000-0000-00000000000a', '00000000-0000-0000-0000-000000000000', 'authenticated', 'authenticated', 'collin@test.com',  crypt('password123', gen_salt('bf')), now(), '{"full_name":"Collin Morikawa"}'::jsonb,now(), now(), '', '')
ON CONFLICT (id) DO NOTHING;

INSERT INTO auth.identities (id, user_id, provider_id, identity_data, provider, last_sign_in_at, created_at, updated_at)
SELECT id, id, email, jsonb_build_object('sub', id, 'email', email), 'email', now(), now(), now()
FROM auth.users WHERE id IN (
  'a0000000-0000-0000-0000-000000000001','a0000000-0000-0000-0000-000000000002','a0000000-0000-0000-0000-000000000003',
  'a0000000-0000-0000-0000-000000000004','a0000000-0000-0000-0000-000000000005','a0000000-0000-0000-0000-000000000006',
  'a0000000-0000-0000-0000-000000000007','a0000000-0000-0000-0000-000000000008','a0000000-0000-0000-0000-000000000009',
  'a0000000-0000-0000-0000-00000000000a'
) ON CONFLICT DO NOTHING;

-- Update profiles created by trigger
UPDATE public.profiles SET handicap = 2,  location = 'Jupiter, FL'         WHERE id = 'a0000000-0000-0000-0000-000000000001';
UPDATE public.profiles SET handicap = 5,  location = 'Hollywood, FL'       WHERE id = 'a0000000-0000-0000-0000-000000000002';
UPDATE public.profiles SET handicap = 8,  location = 'Dallas, TX'          WHERE id = 'a0000000-0000-0000-0000-000000000003';
UPDATE public.profiles SET handicap = 12, location = 'Rancho Santa Fe, CA' WHERE id = 'a0000000-0000-0000-0000-000000000004';
UPDATE public.profiles SET handicap = 15, location = 'Scottsdale, AZ'      WHERE id = 'a0000000-0000-0000-0000-000000000005';
UPDATE public.profiles SET handicap = 18, location = 'Jupiter, FL'         WHERE id = 'a0000000-0000-0000-0000-000000000006';
UPDATE public.profiles SET handicap = 22, location = 'Jupiter, FL'         WHERE id = 'a0000000-0000-0000-0000-000000000007';
UPDATE public.profiles SET handicap = 25, location = 'West Palm Beach, FL' WHERE id = 'a0000000-0000-0000-0000-000000000008';
UPDATE public.profiles SET handicap = 10, location = 'Jupiter, FL'         WHERE id = 'a0000000-0000-0000-0000-000000000009';
UPDATE public.profiles SET handicap = 3,  location = 'Las Vegas, NV'       WHERE id = 'a0000000-0000-0000-0000-00000000000a';

-- Clubs
INSERT INTO public.clubs (id, name, description, is_personal, owner_id) VALUES
  ('b0000000-0000-0000-0000-000000000001', 'Augusta National GC', 'Premier golf club', false, 'a0000000-0000-0000-0000-000000000001'),
  ('b0000000-0000-0000-0000-000000000002', 'Pebble Beach GC', 'Iconic coastal course', false, 'a0000000-0000-0000-0000-000000000002'),
  ('b0000000-0000-0000-0000-000000000003', 'St Andrews GC', 'Home of golf', false, 'a0000000-0000-0000-0000-000000000003')
ON CONFLICT (id) DO NOTHING;

-- Members
INSERT INTO public.members (club_id, user_id, role) VALUES
  ('b0000000-0000-0000-0000-000000000001', 'a0000000-0000-0000-0000-000000000001', 'owner'),
  ('b0000000-0000-0000-0000-000000000001', 'a0000000-0000-0000-0000-000000000002', 'member'),
  ('b0000000-0000-0000-0000-000000000001', 'a0000000-0000-0000-0000-000000000003', 'member'),
  ('b0000000-0000-0000-0000-000000000001', 'a0000000-0000-0000-0000-000000000009', 'member'),
  ('b0000000-0000-0000-0000-000000000001', 'a0000000-0000-0000-0000-00000000000a', 'member'),
  ('b0000000-0000-0000-0000-000000000002', 'a0000000-0000-0000-0000-000000000002', 'owner'),
  ('b0000000-0000-0000-0000-000000000002', 'a0000000-0000-0000-0000-000000000004', 'member'),
  ('b0000000-0000-0000-0000-000000000002', 'a0000000-0000-0000-0000-000000000005', 'member'),
  ('b0000000-0000-0000-0000-000000000002', 'a0000000-0000-0000-0000-000000000006', 'member'),
  ('b0000000-0000-0000-0000-000000000003', 'a0000000-0000-0000-0000-000000000003', 'owner'),
  ('b0000000-0000-0000-0000-000000000003', 'a0000000-0000-0000-0000-000000000007', 'member'),
  ('b0000000-0000-0000-0000-000000000003', 'a0000000-0000-0000-0000-000000000008', 'member');

-- Courses
INSERT INTO public.courses (id, name, location, par, holes_count, club_id) VALUES
  ('c0000000-0000-0000-0000-000000000001', 'Augusta National', 'Augusta, GA', 72, 18, 'b0000000-0000-0000-0000-000000000001'),
  ('c0000000-0000-0000-0000-000000000002', 'Pebble Beach Links', 'Pebble Beach, CA', 72, 18, 'b0000000-0000-0000-0000-000000000002')
ON CONFLICT (id) DO NOTHING;

-- Course holes (Augusta 18)
INSERT INTO public.course_holes (course_id, hole_number, par, distance_yards, handicap_index) VALUES
  ('c0000000-0000-0000-0000-000000000001', 1, 4, 445, 7),  ('c0000000-0000-0000-0000-000000000001', 2, 5, 575, 13),
  ('c0000000-0000-0000-0000-000000000001', 3, 4, 350, 15), ('c0000000-0000-0000-0000-000000000001', 4, 3, 240, 11),
  ('c0000000-0000-0000-0000-000000000001', 5, 4, 455, 1),  ('c0000000-0000-0000-0000-000000000001', 6, 3, 180, 17),
  ('c0000000-0000-0000-0000-000000000001', 7, 4, 450, 5),  ('c0000000-0000-0000-0000-000000000001', 8, 5, 570, 9),
  ('c0000000-0000-0000-0000-000000000001', 9, 4, 460, 3),  ('c0000000-0000-0000-0000-000000000001', 10, 4, 495, 2),
  ('c0000000-0000-0000-0000-000000000001', 11, 4, 505, 4), ('c0000000-0000-0000-0000-000000000001', 12, 3, 155, 14),
  ('c0000000-0000-0000-0000-000000000001', 13, 5, 510, 10),('c0000000-0000-0000-0000-000000000001', 14, 4, 440, 8),
  ('c0000000-0000-0000-0000-000000000001', 15, 5, 530, 6), ('c0000000-0000-0000-0000-000000000001', 16, 3, 170, 16),
  ('c0000000-0000-0000-0000-000000000001', 17, 4, 440, 12),('c0000000-0000-0000-0000-000000000001', 18, 4, 465, 18);

-- Tour
INSERT INTO public.tours (id, name, organizer_club_id, tournament_type, year, description) VALUES
  ('d0000000-0000-0000-0000-000000000001', 'CloudFairway Championship 2026', 'b0000000-0000-0000-0000-000000000001', 'interclub', 2026, 'Annual interclub championship')
ON CONFLICT (id) DO NOTHING;

-- Tour clubs
INSERT INTO public.tour_clubs (tour_id, club_id, ticket_quota, status) VALUES
  ('d0000000-0000-0000-0000-000000000001', 'b0000000-0000-0000-0000-000000000001', 20, 'accepted'),
  ('d0000000-0000-0000-0000-000000000001', 'b0000000-0000-0000-0000-000000000002', 15, 'accepted'),
  ('d0000000-0000-0000-0000-000000000001', 'b0000000-0000-0000-0000-000000000003', 10, 'accepted');

-- Tour players
INSERT INTO public.tour_players (tour_id, club_id, player_id, status) VALUES
  ('d0000000-0000-0000-0000-000000000001', 'b0000000-0000-0000-0000-000000000001', 'a0000000-0000-0000-0000-000000000001', 'active'),
  ('d0000000-0000-0000-0000-000000000001', 'b0000000-0000-0000-0000-000000000001', 'a0000000-0000-0000-0000-000000000002', 'active'),
  ('d0000000-0000-0000-0000-000000000001', 'b0000000-0000-0000-0000-000000000001', 'a0000000-0000-0000-0000-000000000003', 'active'),
  ('d0000000-0000-0000-0000-000000000001', 'b0000000-0000-0000-0000-000000000001', 'a0000000-0000-0000-0000-000000000009', 'active'),
  ('d0000000-0000-0000-0000-000000000001', 'b0000000-0000-0000-0000-000000000001', 'a0000000-0000-0000-0000-00000000000a', 'active'),
  ('d0000000-0000-0000-0000-000000000001', 'b0000000-0000-0000-0000-000000000002', 'a0000000-0000-0000-0000-000000000004', 'active'),
  ('d0000000-0000-0000-0000-000000000001', 'b0000000-0000-0000-0000-000000000002', 'a0000000-0000-0000-0000-000000000005', 'active'),
  ('d0000000-0000-0000-0000-000000000001', 'b0000000-0000-0000-0000-000000000002', 'a0000000-0000-0000-0000-000000000006', 'active'),
  ('d0000000-0000-0000-0000-000000000001', 'b0000000-0000-0000-0000-000000000003', 'a0000000-0000-0000-0000-000000000007', 'active'),
  ('d0000000-0000-0000-0000-000000000001', 'b0000000-0000-0000-0000-000000000003', 'a0000000-0000-0000-0000-000000000008', 'active');

-- Flights
INSERT INTO public.tournament_flights (id, tour_id, flight_name, hcp_min, hcp_max, display_order) VALUES
  ('e0000000-0000-0000-0000-000000000001', 'd0000000-0000-0000-0000-000000000001', 'Flight A', 0, 10, 1),
  ('e0000000-0000-0000-0000-000000000002', 'd0000000-0000-0000-0000-000000000001', 'Flight B', 11, 18, 2),
  ('e0000000-0000-0000-0000-000000000003', 'd0000000-0000-0000-0000-000000000001', 'Flight C', 19, 54, 3)
ON CONFLICT (id) DO NOTHING;

-- Winner categories
INSERT INTO public.tournament_winner_categories (id, tour_id, category_name, calculation_type, rank_count, flight_id, display_order) VALUES
  ('f0000000-0000-0000-0000-000000000001', 'd0000000-0000-0000-0000-000000000001', 'Best Gross Overall', 'gross', 1, NULL, 1),
  ('f0000000-0000-0000-0000-000000000002', 'd0000000-0000-0000-0000-000000000001', 'Best Net Overall', 'net', 1, NULL, 2),
  ('f0000000-0000-0000-0000-000000000003', 'd0000000-0000-0000-0000-000000000001', 'Best Net Flight A', 'net', 2, 'e0000000-0000-0000-0000-000000000001', 3),
  ('f0000000-0000-0000-0000-000000000004', 'd0000000-0000-0000-0000-000000000001', 'Best Net Flight B', 'net', 2, 'e0000000-0000-0000-0000-000000000002', 4),
  ('f0000000-0000-0000-0000-000000000005', 'd0000000-0000-0000-0000-000000000001', 'Best Net Flight C', 'net', 2, 'e0000000-0000-0000-0000-000000000003', 5)
ON CONFLICT (id) DO NOTHING;

-- Event (using valid hex UUID)
INSERT INTO public.events (id, tour_id, course_id, name, event_date, status, ticket_total) VALUES
  ('aa000000-0000-0000-0000-000000000001', 'd0000000-0000-0000-0000-000000000001', 'c0000000-0000-0000-0000-000000000001', 'March Monthly - Augusta', '2026-03-15', 'published', 45)
ON CONFLICT (id) DO NOTHING;

-- Contestants
INSERT INTO public.contestants (id, event_id, player_id, hcp, status, flight_id) VALUES
  ('bb000000-0000-0000-0000-000000000001', 'aa000000-0000-0000-0000-000000000001', 'a0000000-0000-0000-0000-000000000001',  2, 'competitor', 'e0000000-0000-0000-0000-000000000001'),
  ('bb000000-0000-0000-0000-000000000002', 'aa000000-0000-0000-0000-000000000001', 'a0000000-0000-0000-0000-000000000002',  5, 'competitor', 'e0000000-0000-0000-0000-000000000001'),
  ('bb000000-0000-0000-0000-000000000003', 'aa000000-0000-0000-0000-000000000001', 'a0000000-0000-0000-0000-000000000003',  8, 'competitor', 'e0000000-0000-0000-0000-000000000001'),
  ('bb000000-0000-0000-0000-000000000004', 'aa000000-0000-0000-0000-000000000001', 'a0000000-0000-0000-0000-000000000004', 12, 'competitor', 'e0000000-0000-0000-0000-000000000002'),
  ('bb000000-0000-0000-0000-000000000005', 'aa000000-0000-0000-0000-000000000001', 'a0000000-0000-0000-0000-000000000005', 15, 'competitor', 'e0000000-0000-0000-0000-000000000002'),
  ('bb000000-0000-0000-0000-000000000006', 'aa000000-0000-0000-0000-000000000001', 'a0000000-0000-0000-0000-000000000006', 18, 'competitor', 'e0000000-0000-0000-0000-000000000002'),
  ('bb000000-0000-0000-0000-000000000007', 'aa000000-0000-0000-0000-000000000001', 'a0000000-0000-0000-0000-000000000007', 22, 'competitor', 'e0000000-0000-0000-0000-000000000003'),
  ('bb000000-0000-0000-0000-000000000008', 'aa000000-0000-0000-0000-000000000001', 'a0000000-0000-0000-0000-000000000008', 25, 'competitor', 'e0000000-0000-0000-0000-000000000003'),
  ('bb000000-0000-0000-0000-000000000009', 'aa000000-0000-0000-0000-000000000001', 'a0000000-0000-0000-0000-000000000009', 10, 'competitor', 'e0000000-0000-0000-0000-000000000001'),
  ('bb000000-0000-0000-0000-00000000000a', 'aa000000-0000-0000-0000-000000000001', 'a0000000-0000-0000-0000-00000000000a',  3, 'competitor', 'e0000000-0000-0000-0000-000000000001')
ON CONFLICT (id) DO NOTHING;

-- Rounds
INSERT INTO public.rounds (id, course_id, created_by, status) VALUES
  ('cc000000-0000-0000-0000-000000000001', 'c0000000-0000-0000-0000-000000000001', 'a0000000-0000-0000-0000-000000000001', 'completed'),
  ('cc000000-0000-0000-0000-000000000002', 'c0000000-0000-0000-0000-000000000001', 'a0000000-0000-0000-0000-000000000002', 'completed'),
  ('cc000000-0000-0000-0000-000000000003', 'c0000000-0000-0000-0000-000000000001', 'a0000000-0000-0000-0000-000000000003', 'completed'),
  ('cc000000-0000-0000-0000-000000000004', 'c0000000-0000-0000-0000-000000000001', 'a0000000-0000-0000-0000-000000000004', 'completed'),
  ('cc000000-0000-0000-0000-000000000005', 'c0000000-0000-0000-0000-000000000001', 'a0000000-0000-0000-0000-000000000005', 'completed'),
  ('cc000000-0000-0000-0000-000000000006', 'c0000000-0000-0000-0000-000000000001', 'a0000000-0000-0000-0000-000000000006', 'completed'),
  ('cc000000-0000-0000-0000-000000000007', 'c0000000-0000-0000-0000-000000000001', 'a0000000-0000-0000-0000-000000000007', 'completed'),
  ('cc000000-0000-0000-0000-000000000008', 'c0000000-0000-0000-0000-000000000001', 'a0000000-0000-0000-0000-000000000008', 'completed'),
  ('cc000000-0000-0000-0000-000000000009', 'c0000000-0000-0000-0000-000000000001', 'a0000000-0000-0000-0000-000000000009', 'completed'),
  ('cc000000-0000-0000-0000-00000000000a', 'c0000000-0000-0000-0000-000000000001', 'a0000000-0000-0000-0000-00000000000a', 'completed')
ON CONFLICT (id) DO NOTHING;

-- Scorecards (gross, net=gross-hcp)
INSERT INTO public.scorecards (id, round_id, player_id, course_id, gross_score, net_score, total_score) VALUES
  ('dd000000-0000-0000-0000-000000000001', 'cc000000-0000-0000-0000-000000000001', 'a0000000-0000-0000-0000-000000000001', 'c0000000-0000-0000-0000-000000000001', 70, 68, 70),
  ('dd000000-0000-0000-0000-000000000002', 'cc000000-0000-0000-0000-000000000002', 'a0000000-0000-0000-0000-000000000002', 'c0000000-0000-0000-0000-000000000001', 74, 69, 74),
  ('dd000000-0000-0000-0000-000000000003', 'cc000000-0000-0000-0000-000000000003', 'a0000000-0000-0000-0000-000000000003', 'c0000000-0000-0000-0000-000000000001', 78, 70, 78),
  ('dd000000-0000-0000-0000-000000000004', 'cc000000-0000-0000-0000-000000000004', 'a0000000-0000-0000-0000-000000000004', 'c0000000-0000-0000-0000-000000000001', 82, 70, 82),
  ('dd000000-0000-0000-0000-000000000005', 'cc000000-0000-0000-0000-000000000005', 'a0000000-0000-0000-0000-000000000005', 'c0000000-0000-0000-0000-000000000001', 86, 71, 86),
  ('dd000000-0000-0000-0000-000000000006', 'cc000000-0000-0000-0000-000000000006', 'a0000000-0000-0000-0000-000000000006', 'c0000000-0000-0000-0000-000000000001', 88, 70, 88),
  ('dd000000-0000-0000-0000-000000000007', 'cc000000-0000-0000-0000-000000000007', 'a0000000-0000-0000-0000-000000000007', 'c0000000-0000-0000-0000-000000000001', 92, 70, 92),
  ('dd000000-0000-0000-0000-000000000008', 'cc000000-0000-0000-0000-000000000008', 'a0000000-0000-0000-0000-000000000008', 'c0000000-0000-0000-0000-000000000001', 95, 70, 95),
  ('dd000000-0000-0000-0000-000000000009', 'cc000000-0000-0000-0000-000000000009', 'a0000000-0000-0000-0000-000000000009', 'c0000000-0000-0000-0000-000000000001', 80, 70, 80),
  ('dd000000-0000-0000-0000-00000000000a', 'cc000000-0000-0000-0000-00000000000a', 'a0000000-0000-0000-0000-00000000000a', 'c0000000-0000-0000-0000-000000000001', 72, 69, 72)
ON CONFLICT (id) DO NOTHING;

-- Pairings
INSERT INTO public.pairings (id, event_id, group_number, tee_time, start_type) VALUES
  ('ee000000-0000-0000-0000-000000000001', 'aa000000-0000-0000-0000-000000000001', 1, '2026-03-15 07:00:00', 'tee_time'),
  ('ee000000-0000-0000-0000-000000000002', 'aa000000-0000-0000-0000-000000000001', 2, '2026-03-15 07:10:00', 'tee_time'),
  ('ee000000-0000-0000-0000-000000000003', 'aa000000-0000-0000-0000-000000000001', 3, '2026-03-15 07:20:00', 'tee_time')
ON CONFLICT (id) DO NOTHING;

-- Pairing players
INSERT INTO public.pairing_players (pairing_id, contestant_id, position) VALUES
  ('ee000000-0000-0000-0000-000000000001', 'bb000000-0000-0000-0000-000000000001', 1),
  ('ee000000-0000-0000-0000-000000000001', 'bb000000-0000-0000-0000-000000000002', 2),
  ('ee000000-0000-0000-0000-000000000001', 'bb000000-0000-0000-0000-00000000000a', 3),
  ('ee000000-0000-0000-0000-000000000001', 'bb000000-0000-0000-0000-000000000009', 4),
  ('ee000000-0000-0000-0000-000000000002', 'bb000000-0000-0000-0000-000000000003', 1),
  ('ee000000-0000-0000-0000-000000000002', 'bb000000-0000-0000-0000-000000000004', 2),
  ('ee000000-0000-0000-0000-000000000002', 'bb000000-0000-0000-0000-000000000005', 3),
  ('ee000000-0000-0000-0000-000000000003', 'bb000000-0000-0000-0000-000000000006', 1),
  ('ee000000-0000-0000-0000-000000000003', 'bb000000-0000-0000-0000-000000000007', 2),
  ('ee000000-0000-0000-0000-000000000003', 'bb000000-0000-0000-0000-000000000008', 3);
